{"rootEventNumber":3,"population":14800,"money":0,"gigaMoney":165,"tradeSize":1.5,"complain":35.0,"yearNumber":28,"monthNumber":1,"dayNumber":2,"armamentsPower":200,"industryPower":0,"diplomacyDegrees":0,"countryPower":1000,"textSpeed":0.05000000074505806,"sensitiveMove":0.4000000059604645,"sensitiveZoom":5.0,"friendshipLevel":[60,15,20,20,15],"tradeSituation":["貿易中","できません","できません","できません","できません"],"objectData":{"originalID":[-175944,-187572],"objID":[0,0],"pos":[{"x":-6.107900142669678,"y":-0.28999951481819155,"z":-3.500000476837158},{"x":-12.10789966583252,"y":-0.28999975323677065,"z":-2.500000238418579}]}}