{"rootEventNumber":1,"population":15500,"money":0,"gigaMoney":-10,"tradeSize":1.5,"complain":50.0,"yearNumber":1,"monthNumber":1,"dayNumber":1,"armamentsPower":200,"industryPower":1000,"diplomacyDegrees":0,"countryPower":0,"textSpeed":0.05000000074505806,"sensitiveMove":0.4000000059604645,"sensitiveZoom":5.0,"bgmVolume":0.20000000298023225,"seVolume":0.20000000298023225,"friendshipLevel":[60,30,30,30,30],"tradeSituation":["貿易中","できません","できません","できません","できません"],"objectData":{"originalID":[-646962,-658590],"objID":[0,0],"pos":[{"x":-12.10789966583252,"y":-0.29000023007392886,"z":1.500000238418579},{"x":-6.107900142669678,"y":-0.2900000512599945,"z":0.5000000596046448}]}}