{"rootEventNumber":3,"population":14600,"money":0,"gigaMoney":220,"tradeSize":0.0,"complain":45.0,"yearNumber":24,"monthNumber":11,"dayNumber":29,"armamentsPower":200,"industryPower":0,"diplomacyDegrees":0,"countryPower":1000,"textSpeed":0.05000000074505806,"sensitiveMove":0.4000000059604645,"sensitiveZoom":5.0,"friendshipLevel":[15,10,20,20,10],"tradeSituation":["していない","していない","していない","していない","していない"],"objectData":{"originalID":[-175944,-187572],"objID":[0,0],"pos":[{"x":-6.107900142669678,"y":-0.28999951481819155,"z":-3.500000476837158},{"x":-12.10789966583252,"y":-0.28999975323677065,"z":-2.500000238418579}]}}